{
    "name": "T-Поза",
    "author": "Helper###",
    "description": "",
    "emote":{
        "isLoop": "true",
        "returnTick": 8,
        "beginTick":0,
        "endTick":20,
        "stopTick":21,
        "degrees":false,
        "moves":[
            
            {
                "tick":10,
                "easing": "EASEOUTQUAD",
                "turn": 0,
                "rightArm":{
                    "yaw":0
                }
            },
            {
                "tick":10,
                "easing": "EASEOUTQUAD",
                "turn": 0,
                "rightArm":{
                    "roll":1.56
                }
            },
            {
                "tick":10,
                "easing": "EASEOUTQUAD",
                "turn": 0,
                "rightArm":{
                    "pitch":0
                }
            },
            {
                "tick":10,
                "easing": "EASEOUTQUAD",
                "turn": 0,
                "rightArm":{
                    "y":2.0
                }
            },
            {
                "tick":10,
                "easing": "EASEOUTQUAD",
                "turn": 0,
                "rightArm":{
                    "z":-0.0
                }
            },
            {
                "tick":10,
                "easing": "EASEOUTQUAD",
                "turn": 0,
                "rightArm":{
                    "x":-5.0
                }
            },
            {
                "tick":10,
                "easing": "EASEOUTQUAD",
                "turn": 0,
                "leftArm":{
                    "roll":-1.56
                }
            },
            {
                "tick":10,
                "easing": "EASEOUTQUAD",
                "turn": 0,
                "leftArm":{
                    "yaw":0
                }
            },
            {
                "tick":10,
                "easing": "EASEOUTQUAD",
                "turn": 0,
                "leftArm":{
                    "pitch":0
                }
            },
            {
                "tick":10,
                "easing": "EASEOUTQUAD",
                "turn": 0,
                "leftArm":{
                    "y":2.0
                }
            },
            {
                "tick":10,
                "easing": "EASEOUTQUAD",
                "turn": 0,
                "leftArm":{
                    "z":-0.0
                }
            },
            {
                "tick":10,
                "easing": "EASEOUTQUAD",
                "turn": 0,
                "leftArm":{
                    "x":5.0
                }
            }
        ]
    }
}