{
  "config_version": 4,
  "loadbuiltin": true,
  "quark": false,
  "dark": false,
  "oldChooseWheel": false,
  "perspective": true,
  "default3rdPersonFront": false,
  "showicon": true,
  "enableNSFW": false,
  "alwaysOpenScreen": false,
  "debug": true,
  "validate": false,
  "validationThreshold": 8.0,
  "emotesFolderOnLogicalServer": false,
  "emotesDirectory": "emotes",
  "autoFixEmoteStop": true,
  "alwaysValidateEmote": false,
  "playersafety": true,
  "stopthreshold": 0.04,
  "yratio": 0.75,
  "showHiddenConfig": false,
  "neverRemoveBadIcon": false,
  "exportBuiltin": false,
  "hideWarning": false,
  "fastmenu": {
    "0": {
      "0": "01a53a42-2fd2-418c-8e46-e4ee1ff9ee6a",
      "1": "0de63fbe-2f20-44e0-8969-479b76ceeb6b",
      "2": "a2969c42-520f-4c5c-a024-a7d0a2b7b4d1",
      "3": "96506a5e-a69c-4a18-9add-d43dfd272fa6",
      "4": "ebfb1e69-330a-4970-8bca-f5625c90681a",
      "5": "f9f6669d-f1b3-4170-8bc5-475a9a600439",
      "6": "931b2bda-a25e-4e55-957a-88c46f5e9a7b",
      "7": "3045b335-12ca-4ddb-aca5-0aef450a5e4c"
    },
    "1": {
      "0": "bc2d6562-0698-4dcb-a4db-18757ed99f8c",
      "1": "98c08494-0000-0000-0000-000000000000",
      "2": "2b4e3589-0000-0000-0000-000000000000",
      "3": "c0e6d09c-0000-0000-0000-000000000000",
      "4": "33b912f8-0aa0-45e6-a2d4-9b5677e6f35c",
      "7": "bca4c4f3-0000-0000-0000-000000000000"
    }
  },
  "keys": {}
}