{
  "ignoreCEM": false,
  "enableAnvilModification": true,
  "favoritePosX": 71,
  "favoritePosY": -75,
  "compareItemGroupRenames": true,
  "generateSpawnEggsInItemGroup": true,
  "loadModBuiltinResources": true,
  "openByDefault": false,
  "viewMode": "GRID",
  "offsetMenu": true,
  "showPackName": true,
  "showExtraProperties": true,
  "renderMobRenamesAsEntities": true,
  "highlightSlot": true,
  "slotHighlightColorALPHA": 50,
  "slotHighlightColorRGB": 8454143,
  "highlightTooltipSlotWrong": true,
  "highlightTooltipSlotSelected": false,
  "enablePreview": true,
  "previewPos": "LEFT",
  "playerPreviewByDefault": false,
  "spinMobPreview": true,
  "spinPlayerPreview": false,
  "disableSnowGolemPumpkin": false,
  "scaleFactorItem": 2.0,
  "scaleFactorEntity": 1.0,
  "alwaysAllowPlayerPreviewHead": false,
  "disablePageArrowsTips": false,
  "disablePlayerPreviewTips": false,
  "updateConfig": true,
  "showNbtDisplayName": false,
  "showOriginalProperties": false,
  "showDescription": true
}